text,label
"_SS (incorporated as a public company with limited liability (société anonyme/naamloze vennootschap) under the laws of Belgium, having its registered office in Montagne du Parc 3, B-1000 Brussels, and registered with the register of legal entities of Brussels under enterprise No. 0403.199.702) ",DefineIssuerIncorperationPlace
"_SS (incorporated as a public company with limited liability (société anonyme/naamloze vennootschap) under the laws of Belgium, having its registered office in Montagne du Parc 3, B-1000 Brussels, and registered with the register of legal entities of Brussels under enterprise No. 0403.199.702) ",DefineIssuerIncorperationPlace
"_SM These Final Terms and the Base Prospectus are available on the Issuer's website https://entra.no or on the Issuer's visit address, Biskop Gunnerus gate 14, 0185 Oslo, Norway, or their successor (s). Entra ASA ",DefineIssuerIncorperationPlace
"_SM  Entra ASA, Biskop Gunnerus gate 14, 0185 Oslo, Norway",DefineIssuerIncorperationPlace
"_MM Key information on the Issuer Disclosure requirements Disclosure Who is the issuer of the securities Domicile and legal form The Issuer is a public limited liability company incorporated in Norway and primarily organized under the laws of Norway, including the Public Limited Companies Act",DefineIssuerIncorperationPlace
"_MEE 2 The Issuer's registered office and legal form, legislation applying to the Issuer and country of incorporation Nykredit Realkredit A/S is a Danish public limited company. The Issuer carries on mortgage banking activities in accordance with Danish law. Nykredit's registered address is Kalvebod Brygge 1-3, DK-1780 Copenhagen V, Denmark. ",DefineIssuerIncorperationPlace
"_MM 2 The Issuer's registered office and legal form, legislation applying to the Issuer and country of incorporation Nykredit Realkredit A/S is a Danish public limited company. The Issuer carries on mortgage banking activities in accordance with Danish law. Nykredit's registered address is Kalvebod Brygge 1-3, DK-1780 Copenhagen V, Denmark",DefineIssuerIncorperationPlace
"_SM  Place of registration: VP Securities A/S, Weidekampsgade 14, PO Box 4040, DK-2300 Copenhagen S ",DefineIssuerIncorperationPlace
"_MM 2 The Issuer's registered office and legal form, legislation applying to the Issuer and country of incorporation Nykredit Realkredit A/S is a Danish public limited company. The Issuer carries on mortgage banking activities in accordance with the Danish Financial Business Act. Nykredit's registered address is Kalvebod Brygge 1-3, DK-1780 Copenhagen V, Denmark. ",DefineIssuerIncorperationPlace
"_SS This prospectus (the “Prospectus”) has been prepared in connection with the senior secured bonds offering of Stockmann plc (the “Issuer” or “Stockmann”), a public limited company incorporated in Finland",DefineIssuerIncorperationPlace
"_MM B.2 The Issuer's registered office and legal form, legislation applying to the Issuer and country of incorporation Nykredit Realkredit A/S is a Danish public limited company. The Issuer carries on mortgage banking activities in accordance with the Danish Financial Business Act. Nykredit's registered address is Kalvebod Brygge 1-3, DK-1780 Copenhagen V, Denmark. ",DefineIssuerIncorperationPlace
"_SS Petroleum Geo-Services ASA, a company incorporated under the laws of the Kingdom of Norway (the “Compa- ny”), is offering $150",DefineIssuerIncorperationPlace
_SS (a cooperative (coöperatie) formed under the laws of the Netherlands with its statutory seat in  Amsterdam) ,DefineIssuerIncorperationPlace
"_SS Single Platform Investment Repackaging Entity SA  (a public limited liability company (société anonyme) incorporated under the laws of Luxembourg with registered office at 51, avenue John F. Kennedy, L-1855 Luxembourg, having a share capital of EUR 31,000, and duly registered with the Registre de Commerce et des Sociétés, Luxembourg with number B206430) (“SPIRE”) ",DefineIssuerIncorperationPlace
"_SS  Maturity Date: 14 February 2022, subject to adjustment in accordance with the Following Business Day Convention",DefineInstrumentMaturityDate
"_SS  Maturity Date: 2 June 2022, subject to adjustment in accordance with the Following Business Day Convention",DefineInstrumentMaturityDate
_ME Maturity Date: 1st February 2030 ,DefineInstrumentMaturityDate
_ME 9 The Maturity Date is 1st February 2030 ,DefineInstrumentMaturityDate
_SS  Maturity Date: 01-10-2040 ,DefineInstrumentMaturityDate
_SS  The maturity of the Bonds is on the date falling five (5) years after the First Issue Date (as defined in the Terms and Conditions of the Bonds) unless the Issuer prepays the Bonds before their maturity,DefineInstrumentMaturityDate
_SS Final Bond Terms dated 15 October 2014 ,DefineInstrumentMaturityDate
_SS Final Bond Terms dated 15 October 2014 ,DefineInstrumentMaturityDate
_SM Maturity Date: 20 March 2024 ,DefineInstrumentMaturityDate
_ME “Original Maturity Date” means the 7th anniversary of the Effective Date. ,DefineInstrumentMaturityDate
_MM  Maturity Date: Interest Payment Date falling in or nearest to June 2026 ,DefineInstrumentMaturityDate
_MM Maturity Date: 30 September 2026 ,DefineInstrumentMaturityDate
_MM Maturity Date: 1 February 2027 ,DefineInstrumentMaturityDate
"_MM ""Final Maturity Date"" means 1 July 2024. ",DefineInstrumentMaturityDate
_MM “Final Redemption Date” means 24 June 2024,DefineInstrumentMaturityDate
_MM  Maturity Date: 9 August 2023 ,DefineInstrumentMaturityDate
"_SM Issue of U.S.$1,250,000,000 0.250% Fixed Rate Notes due 9 August 2023 Guaranteed by certain regions of Sweden and certain municipalities of Sweden under the Euro Note Programme ",DefineInstrumentMaturityDate
"_SS The Notes will mature at 100% of their principal amount on July 15, 2020",DefineInstrumentMaturityDate
"_SM Maturity Date: July 15, 2020 ",DefineInstrumentMaturityDate
_SM  Maturity Date: 15 November 2019 ,DefineInstrumentMaturityDate
"_SS Maturity Date: May 15, 2018 ",DefineInstrumentMaturityDate
"_MM Maturity Date: May 15, 2018 ",DefineInstrumentMaturityDate
"_MM Maturity Date: January 15, 2024 ",DefineInstrumentMaturityDate
"_ME Maturity Date: May 15, 2043 ",DefineInstrumentMaturityDate
"_SS  The Notes will mature on De- cember 15, 2018",DefineInstrumentMaturityDate
_SM  Maturity Date: 15 November 2019 ,DefineInstrumentMaturityDate
"_SS Issue of USD 1,000,000,000 Series 2012-7 1.75 per cent. Covered Bonds due November 2019 (the Covered Bonds) under the EUR 25,000,000,000 Global Medium Term Covered Note Programme ",DefineInstrumentMaturityDate
_SS 8 Maturity Date: 25 June 2029 ,DefineInstrumentMaturityDate
"_SS 000 1,125 % Festverzinsliche Schuldverschreibungen fällig 22. Januar 2018 ",DefineInstrumentMaturityDate
"_SS NOK 500,000,000 1.125 per cent. Fixed Rate Notes due 22 January 2018 NOK 500.000.000 1,125 % Festverzinsliche Schuldverschreibungen fällig 22",DefineInstrumentMaturityDate
"_SS Issue of EUR 75,000,000 1.645 per cent. Fixed Rate Notes due 25 June 2040 ",DefineInstrumentMaturityDate
_SM Maturity Date: Interest Basis: 25 June 2040 1.645 per cent. Fixed Rate (further particulars specified below) ,DefineInstrumentMaturityDate
_SM Maturity Date: 26 June 2045 ,DefineInstrumentMaturityDate
_ME 8 Maturity Date: 11 January 2027 ,DefineInstrumentMaturityDate
"_ME  Maturity Date: 20 November 2028 (such date prior to any adjustment, the ""Scheduled Maturity Date""), subject to - 5 - adjustment in accordance with the Following Business Day Convention ",DefineInstrumentMaturityDate
_MM  Maturity Date: 12 April 2022 ,DefineInstrumentMaturityDate
_MM 8 Maturity Date: 24 August 2027 ,DefineInstrumentMaturityDate
_ME Maturity Date 22 August 2022 ,DefineInstrumentMaturityDate
_ME Redemption Month and Year August 2022 ,DefineInstrumentMaturityDate
_MM  Maturity Date: 14 January 2022 ,DefineInstrumentMaturityDate
"_MM  Fälligkeitstag Maturity Date 16. April 2024 April 16, 2024 ",DefineInstrumentMaturityDate
"_SS NOK 1.000.000.000 3,25 % Schuldverschreibungen fällig am 16. April 2024 (die ""Schuldverschreibungen"") NOK 1,000,000,000 3.25 per cent. Notes due April 16, 2024 (the ""Notes"") ",DefineInstrumentMaturityDate
"_MM Letzter Zinszahlungstag 16. April 2024 Last Interest Payment Date April 16, 2024 ",DefineInstrumentMaturityDate
_ME Maturity Date 21 April 2023 ,DefineInstrumentMaturityDate
_MM  Maturity Date: 15 September 2025 ,DefineInstrumentMaturityDate
_MM  Maturity Date: 4 May 2034 ,DefineInstrumentMaturityDate
_MM  Maturity Date: 9 August 2023 ,DefineInstrumentMaturityDate
_MM  Maturity Date: 15 December 2025 ,DefineInstrumentMaturityDate
"_MM (ii) Calculation Amount: SEK 1,000,000 (i) Issue Date: 24 May 2021 (ii) Interest Commencement 18 January 2021 Date: Maturity Date: 18 January 2024 ",DefineInstrumentMaturityDate
_ME Maturity Date: 4 March 2033,DefineInstrumentMaturityDate
"_SM  Scheduled Maturity Date: 4 March 2033, subject to adjustment in accordance with the Modified Following Business Day Convention ",DefineInstrumentMaturityDate
_MM  Maturity Date: 19 March 2031 ,DefineInstrumentMaturityDate
"_MM  Maturity Date: 9 January 2023, subject to adjustment in accordance with the Business Day Convention (i) in the event such date is not a Business Day or (ii) such that the Maturity Date shall always be at least five (5) Business Days following the Determination Date ",DefineInstrumentMaturityDate
_MM  Maturity Date: 15 November 2024 ,DefineInstrumentMaturityDate
_MM  Maturity Date: 9 June 2029 ,DefineInstrumentMaturityDate
_MM  Maturity Date: 8 July 2025 ,DefineInstrumentMaturityDate
_ME  Maturity Date: 15 September 2025 ,DefineInstrumentMaturityDate
_MM  Maturity Date: 17 February 2023 ,DefineInstrumentMaturityDate
_ME 8 Maturity Date: 11 January 2027 ,DefineInstrumentMaturityDate
_ME Maturity: 11 January 2027 ,DefineInstrumentMaturityDate
_SS BNP PARIBAS FORTIS NV/SA ,DefineIssuerName
"_ME 1 Legal and commercial name The Issuer of the Notes is BNP Paribas Fortis SA/NV of the Issuer (""BNPPF"") ",DefineIssuerName
_SS BNP PARIBAS FORTIS NV/SA ,DefineIssuerName
_MM  Entra ASA  Final Terms – 2.49% Entra ASA Unsecured Open Green Bond Issue 2021/2030 ISIN: NO0011041535 ,DefineIssuerName
_SS 2.49%Entra ASA Unsecured Open Bond Issue 2021/2030 ,DefineIssuerName
_SS Final Terms – 2.49% Entra ASA Unsecured Open Green Bond Issue 2021/2030 ISIN: NO0011041535 ,DefineIssuerName
_SS New Final Bond Terms for Nykredit Realkredit A/S's Base Prospectus dated 15 May 2017 ,DefineIssuerName
"_SS In connection with the opening of new ISINs under Nykredit Realkredit A/S's Base Prospectus dated 15 May 2017 with amendments, Nykredit issues new Final Bond Terms. ",DefineIssuerName
"_SS Nykredit Realkredit A/S's Base Prospectus dated 15 May 2017 and the relevant Final Bond Terms are available for download in Danish and English. In the event of discrepancies between the original Danish text and the English translation, the Danish text shall prevail. The documents can be found on Nykredit's website at nykredit",DefineIssuerName
"_SS The Bonds have been issued pursuant to Nykredit Realkredit A/S's base prospectus dated 15 May 2017 (the ""Base Prospectus""). ",DefineIssuerName
"_SS The Bonds have been issued pursuant to Nykredit Realkredit A/S's base prospectus dated 17 June 2014 (the ""Base Prospectus""). ",DefineIssuerName
_MM  1 Legal name and secondary names of the Issuer Nykredit Realkredit A/S,DefineIssuerName
"_SM  All references to the “Issuer” refer to Stockmann plc, except where the context may otherwise require. ",DefineIssuerName
"_MM Name of the issuer: Address: Business identity code: Legal entity identifier (LEI): ISIN of the Bonds: Stockmann Oyj Abp Aleksanterinkatu 52 B, FI-00100 Helsinki, Finland 0114162-2 743 700 IFQI6W 89M 1IY95 FI4000507330 ",DefineIssuerName
_SS STOCKMANN PLC ,DefineIssuerName
"_SS The Bonds have been issued pursuant to Nykredit Realkredit A/S's base prospectus dated 17 June 2014 and prospectus supplement no 1 dated 26 August (the ""Base Prospectus""). ",DefineIssuerName
"_MM B.l Legal name and secondary names of the Issuer Nykredit Realkredit A/S. The issuer carries on business under the following secondary names: Industrikredit A/S, IRF Erhvervsfinansiering A/S, IRF Industrifinansiering A/S, IRF Industrikredit A/S, Nykredit A/S, Nykredit Industri A/S and Realkreditaktieselskabet Nykredit. ",DefineIssuerName
_SS Issuer: Entra ASA ,DefineIssuerName
_SS FRN Entra ASA Unsecured Green Bond Issue 2017/2024 (the “Bonds” or the “Bond Issue”) ,DefineIssuerName
"_SS This prospectus (the “Prospectus”) has been prepared by Bayport Management Ltd (the “Company” or the “Issuer”), registration number 54787/C1 GBL, LEI 549300MHJ6KEDPWPMN38, in relation to the application for admission to trading of the Company’s USD 80,000,000 subordinated fixed rate social bonds 2019/2022 with ISIN NO0010871601 (the “Bonds”) issued on 19 December 2019 (the “Issue Date”) (the “Bond Issue”) in accordance with the terms and conditions for the Bonds (the “Terms and Conditions”) on Nasdaq Stockholm Sustainable Bond List (“Nasdaq Stockholm”). The Issuer may at one or more occasions after the Issue Date issue Subsequent Bonds under the Terms and Conditions, until the total amount under such Subsequent Bond Issue(s) and the Bond Issue equals USD 100,000,000",DefineIssuerName
"_SS ISSUER: Lithium SPV Limited, a private limited company incorporated in Jersey with registration number 136875 and LEI-code 213800F1DJSIYITA1H16. ",DefineIssuerName
"_SS #9861143/6 BOND TERMS  for Lithium SPV Limited 5.00% EUR 69,102,970 Limited Recourse PIK Notes 2021/2028 ",DefineIssuerName
_SS Storebrand Boligkreditt AS ,DefineIssuerName
_ME  Whether TEFRA D or TEFRA C rules applicable or TEFRA rules not applicable or TEFRA D (Swiss practice): TEFRA not applicable 5 Signed on behalf of Storebrand Boligkreditt AS: ,DefineIssuerName
_MM Landshypotek Bank AB (publ) ,DefineIssuerName
_MM Landshypotek Bank AB (publ) ,DefineIssuerName
"_MM ""Issuer"" means CA Fastigheter Aktiebolag (publ), a limited liability company incorporated in Sweden with reg. no. 556227-5700. ",DefineIssuerName
_SS CA Fastigheter Aktiebolag (publ) ,DefineIssuerName
"_MM “Issuer” means VNV Global AB (publ) (reg. no. 556677-7917, Mäster Samuelsgatan 1, 1st floor, 111 44 Stockholm, Sweden)",DefineIssuerName
"_SS Terms and Conditions  Oscar Properties Holding AB (publ)  Up to SEK 1,000,000,000  Senior Unsecured Floating Rate Bonds ",DefineIssuerName
"_ME ""Issuer"" means Oscar Properties Holding AB (publ), limited liability company incorporated in Sweden with reg. no. 556870-4521. ",DefineIssuerName
_SM Kommuninvest i Sverige Aktiebolag (publ) ,DefineIssuerName
_ME These Final Terms comprise the final terms required for admission to the Official List of the Luxembourg Stock Exchange and admission to trading on the regulated market of the Luxembourg Stock Exchange of the issue of Notes described herein pursuant to the Euro Note Programme of Kommuninvest i Sverige Aktiebolag (publ). ,DefineIssuerName
_ME  6 Signed on behalf of Kommuninvest i Sverige Aktiebolag (publ): ,DefineIssuerName
_SS Nordic Investment Bank ,DefineIssuerName
_ME Issuer: Nordic Investment Bank,DefineIssuerName
_SS 15 November 2012 SpareBank 1 Boligkreditt AS ,DefineIssuerName
_SM 1. Issuer: SpareBank 1 Boligkreditt AS ,DefineIssuerName
"_MM These Final Terms comprise the details required to list and have admitted to trading the issue of Covered Bonds described herein pursuant to the EUR 25,000,000,000 Global Medium Term Covered Note Programme of SpareBank 1 Boligkreditt AS",DefineIssuerName
_SS Issuer: Statoil ASA (“Statoil”),DefineIssuerName
_MM Issuer: Statoil ASA (“Statoil”),DefineIssuerName
_MM Issuer: Statoil ASA (“Statoil”). ,DefineIssuerName
_ME Issuer: Statoil ASA (“Statoil”),DefineIssuerName
"_SS Petroleum Geo-Services ASA $150,000,000 7.375% Senior Notes due 2018 ",DefineIssuerName
_ME “Company” or “PGS” refers to Petroleum Geo-Services ASA,DefineIssuerName
_SS 15 November 2012 SpareBank 1 Boligkreditt AS ,DefineIssuerName
_SM  Issuer: SpareBank 1 Boligkreditt AS ,DefineIssuerName
"_MM These Final Terms comprise the details required to list and have admitted to trading the issue of Covered Bonds described herein pursuant to the EUR 25,000,000,000 Global Medium Term Covered Note Programme of SpareBank 1 Boligkreditt AS. ",DefineIssuerName
"_SS SPI Electricity & Gas Australia Holdings Pty Ltd  only Issue of NOK900,000,000 3.97 per cent. Notes due 2029 (the “Notes”) ",DefineIssuerName
_SS 1 (i) Issuer: SPI Electricity & Gas Australia Holdings Pty  Ltd (ABN 97 086 006 859) ,DefineIssuerName
_SS Volkswagen Financial Services N.V. ,DefineIssuerName
_SS Kommunekredit ,DefineIssuerName
_SS Issuer: Kommunekredit  (1) Series Number: 1201504713 ,DefineIssuerName
_SS Final Terms dated 23 June 2015 Kommunekredit ,DefineIssuerName
"_SS Single Platform Investment Repackaging Entity SA  (a public limited liability company (société anonyme) incorporated under the laws of Luxembourg with registered office at 51, avenue John F. Kennedy, L-1855 Luxembourg, having a share capital of EUR 31,000, and duly registered with the Registre de Commerce et des  Sociétés, Luxembourg with number B206430) (“SPIRE”)  acting in respect of its Compartment 2020-170 ",DefineIssuerName
"_SS This document is a series memorandum (the “Series Memorandum”), which contains information relating to  the above notes (the “Notes”) issued by SPIRE acting in respect of its Compartment 2020-170 (the “Issuer”)",DefineIssuerName
"_SS Pricing Supplement dated 20 November 2018  JPMorgan Chase & Co.  Structured Products Programme for the issuance of Notes, Warrants and Certificates  (the ""Programme"") ",DefineIssuerName
_MM  (i) Issuer: JPMorgan Chase & Co. ,DefineIssuerName
_SS SR-Boligkreditt AS ,DefineIssuerName
_MM 1 Issuer: Coöperatieve Rabobank U.A. ,DefineIssuerName
_SS COÖPERATIEVE RABOBANK U.A. ,DefineIssuerName
_SS BMW Finance N.V. ,DefineIssuerName
"_SM NOK 500,000,000 Floating Rate Notes issued pursuant to the  Euro 50,000,000,000 Euro Medium Term Note Programme of  Bayerische Motoren Werke Aktiengesellschaft (“BMW AG”) BMW Finance N.V. (“BMW Finance”) BMW US Capital, LLC (“BMW US Capital”) BMW International Investment B.V. (“BMW Investment”) BMW Japan Finance Corp. (“BMW Japan”) ",DefineIssuerName
"_SM Aktiebolaget Svensk Exportkredit (publ) (Swedish Export Credit Corporation) (Incorporated in the Kingdom of Sweden with limited liability) (""SEK"" or the ""Issuer"") Unlimited Programme for the Continuous Issuance of Debt Instruments Issue of a Series of USD 600,000,000 1.625 per cent. Instruments due 14 January 2022 (the ""Instruments"") ",DefineIssuerName
_SM begeben von issued by  Daimler Canada Finance Inc. ,DefineIssuerName
_EE  S-1 Im Namen der Emittentin unterzeichnet Signed on behalf of the Issuer  Daimler Canada Finance Inc.,DefineIssuerName
_SS BMW Finance N.V. ,DefineIssuerName
"_SM Aktiebolaget Svensk Exportkredit (publ) (Swedish Export Credit Corporation) (Incorporated in theKingdom of Swedenwith limited liability) (""SEK"" or the ""Issuer"") ",DefineIssuerName
_MM  Issuer: KommuneKredit ,DefineIssuerName
_SM Kommuninvest i Sverige Aktiebolag (publ) ,DefineIssuerName
_ME Signed on behalf of Kommuninvest i Sverige Aktiebolag (publ): ,DefineIssuerName
"_SS Aktiebolaget Svensk Exportkredit (publ) (Swedish Export Credit Corporation) (Incorporated in the Kingdom of Sweden with limited liability) (""SEK"" or the ""Issuer"")  Unlimited Programme for the Continuous Issuance of Debt Instruments Issue of a Series of  GBP 450,000,000 0.125 per. cent Instruments due 15 December 2025 (""Instruments"") ",DefineIssuerName
_ME Signed on behalf of AKTIEBOLAGET SVENSK EXPORTKREDIT (publ): ,DefineIssuerName
_SS SBAB BANK AB (publ) (Incorporated with limited liability in the Kingdom of Sweden) Legal Entity Identifier (LEI): HOYXSLBGKDVOWCXBZ594 ,DefineIssuerName
_SM  (i) Issuer: Citigroup Global Markets Funding Luxembourg S.C.A. ,DefineIssuerName
_MM NORDEA BANK ABP ,DefineIssuerName
_MM  (i) Issuer: Morgan Stanley & Co International plc ,DefineIssuerName
_SS Morgan Stanley & Co International plc as Issuer ,DefineIssuerName
"_SM  Given the highly specialised nature of these Notes, Morgan Stanley & Co. International plc (“the  Issuer”)(""MSI plc"") consider that they are only suitable for highly sophisticated investors who are able to ",DefineIssuerName
_MM KommuneKredit ,DefineIssuerName
_MM  Issuer: KommuneKredit ,DefineIssuerName
"_EE These Final Terms comprise the details required to list the issue of Notes described herein pursuant to the listing of the EUR 30,000,000,000 Euro Medium Term Note Programme of KommuneKredit. ",DefineIssuerName
_SS SBAB BANK AB (publ)  (Incorporated with limited liability in the Kingdom of Sweden) ,DefineIssuerName
_MM DANSKE BANK A/S ,DefineIssuerName
_MM  Issuer: Danske Bank A/S ,DefineIssuerName
_ME Signed on behalf of Sparebanken Vest: ,DefineIssuerName
_MM Sparebanken Vest ,DefineIssuerName
"_MM Aktiebolaget Svensk Exportkredit (publ) (Swedish Export Credit Corporation) (Incorporated in theKingdom of Swedenwith limited liability) (""SEK"" or the ""Issuer"") ",DefineIssuerName
_ME Signed on behalf of AKTIEBOLAGET SVENSK EXPORTKREDIT (publ): ,DefineIssuerName
_SM  Issuer: Region Stockholm ,DefineIssuerName
_SS Region Stockholm ,DefineIssuerName
"_SS This document is a series memorandum (the “Series Memorandum”), which contains information relating to the above notes (the “Notes”) issued by SPIRE acting in respect of its Compartment 2020-170 (the “Issuer”)",DefineIssuerName
"_ME Single Platform Investment Repackaging Entity SA  (a public limited liability company (société anonyme) incorporated under the laws of Luxembourg with registered office at 51, avenue John F. Kennedy, L-1855 Luxembourg, having a share capital of EUR 31,000, and duly registered with the Registre de Commerce et des Sociétés, Luxembourg with number B206430) (“SPIRE”) ",DefineIssuerName
"_SS (c) Minimum Trading Size: NOK 10,000 ",DefineDenomination
"_SS (a) Specified Denomination(s): NOK 10,000 ",DefineDenomination
"_SS (b) Calculation Amount: NOK 10,000 ",DefineDenomination
"_SS (a) Specified Denomination(s): NOK 10,000 ",DefineDenomination
"_SS (b) Calculation Amount: NOK 10,000 ",DefineDenomination
"_SS (d) Minimum Subscription Amount NOK 10,000 ",DefineDenomination
"_SS (c) Minimum Trading Size: NOK 10,000 ",DefineDenomination
"_EE Specified Denomination: NOK 10,000 ",DefineDenomination
"_MM Denomination – Each Bond NOK 1,000,000 Any restrictions on the free transferability of the securities",DefineDenomination
"_ME Denomination – Each bond: NOK 1,000,000 - each and ranking pari passu among themselves ",DefineDenomination
_SS  Denomination: 0.01 ,DefineDenomination
_SS  Denomination:  Interest and payment 0.01 ,DefineDenomination
_SS  The Bonds are issued in denominations of EUR 1,DefineDenomination
_SS The Bonds are issued in denominations of EUR 1 ,DefineDenomination
"_SM Nominal Value: The Bonds will have a nominal value of NOK 1,000,000 each ",DefineDenomination
"_MM Securities Eight hundred (800) Bonds were issued in the Bond Issue, each Bond with a nominal amount of USD 100,000",DefineDenomination
"_ME  Final Redemption Amount: NOK 2,000,000 per Calculation Amount ",DefineDenomination
"_MM  (a) Specified Denominations: NOK 2,000,000 ",DefineDenomination
"_MM (b) Calculation Amount (in relation to calculation of interest for Notes in global form see Conditions): NOK 2,000,000 ",DefineDenomination
"_MM (a) (b) Specified Denominations: Calculation Amount: SEK 2,000,000 SEK 2,000,000 ",DefineDenomination
"_MM (a) Specified Denominations: SEK 2,000,000 ",DefineDenomination
"_MM (b) Calculation Amount: SEK 2,000,000 ",DefineDenomination
"_ME 24, Final Redemption Amount: SEK 2,000,000 per Calculation Amount ",DefineDenomination
"_MEE (c) The nominal amount of each Bond is SEK 1,250,000 (the ""Nominal Amount""). The maximum total nominal amount of the Initial Bonds is SEK 500,000,000",DefineDenomination
"_MEE  The maximum total nominal amount of the Initial Bonds is SEK 500,000,000",DefineDenomination
"_ME 1 The aggregate amount of the bond loan will be an amount of up to SEK 750,000,000 which will be represented by Bonds, each of a nominal amount of SEK 1,250,000 or full multiples thereof (the “Nominal Amount”)",DefineDenomination
"_MEE (c) The nominal amount of each Bond is SEK 1,250,000 (the ""Nominal Amount""). The total nominal amount of the Initial Bonds is SEK 550,000,000",DefineDenomination
"_MEE (d) The minimum permissible investment in the Initial Bond Issue is SEK 1,250,000",DefineDenomination
"_MM  (a) Specified Denomination(s): U.S.$200,000 and integral multiples of U.S.$1,000 in excess thereof ",DefineDenomination
"_MM (b) Calculation Amount: U.S.$1,000 ",DefineDenomination
"_MM  Final Redemption Amount: U.S.$1,000 per Calculation Amount ",DefineDenomination
"_SM Authorized Denominations: NOK 10,000 and integral multiples thereof ",DefineDenomination
"_SM  (a) Specified Denominations: USD 200,000 and integral multiples of USD 1,000  in excess thereof ",DefineDenomination
"_SM (b) Calculation Amount: USD 1,000 ",DefineDenomination
"_MM Denominations: $1,000 and integral multiples of $1,000 ",DefineDenomination
"_MM Denominations: $1,000 and integral multiples of $1,000 ",DefineDenomination
"_SM  (a) Specified Denominations: USD 200,000 and integral multiples of USD 1,000 2 in excess thereof ",DefineDenomination
"_SM (b) Calculation Amount: USD 1,000 ",DefineDenomination
"_SS For 6 (i) Specified Denominations: NOK1,000,000 ",DefineDenomination
"_SS (ii) Calculation Amount NOK1,000,000 ",DefineDenomination
"_SM  Diese Serie der Schuldverschreibungen (die ""Schuldverschreibungen"") der Volkswagen Financial Services N.V. (die ""Emittentin"") wird in Norwegischen Kronen (""NOK"") (die ""Festgelegte Währung"") im Gesamtnennbetrag von NOK 500.000.000 (in Worten: fünfhundert Millionen) begeben und ist eingeteilt in 50.000 Schuldverschreibungen im Nennbetrag von NOK 10.000 (die ""Festgelegte Stückelung"")",DefineDenomination
"_SM (i) Specified Denomina- tions: (il) Calculation Amount: EUR 100,000 EUR 100,000 ",DefineDenomination
"_SM (1) Specified Denomina- tions: (i) Calculation Amount: EUR 100,000 EUR 100,000 ",DefineDenomination
"_ME 6 (i) Specified Denominations: NOK 2,000,000 ",DefineDenomination
"_ME (ii) Calculation Amount: NOK 2,000,000 ",DefineDenomination
"_ME (i) Specified Denomination: SEK 10,000,000 ",DefineDenomination
"_ME  Final Redemption Amount: In respect of each Note (being of the Specified Denomination), SEK 10,000,000 ",DefineDenomination
"_ME (iii) Minimum trading size: One (1) Security (corresponding to a nominal amount of SEK 10,000,000) ",DefineDenomination
"_MM  (a) Specified Denominations: $200,000 and integral multiples of $1,000 in excess thereof up to and including $299,000 (or equivalent in another currency). ",DefineDenomination
"_MM (b) Calculation Amount: $1,000 ",DefineDenomination
"_MM 6 (i) Specified Denominations: NOK 1,000,000 ",DefineDenomination
"_MM (ii) Calculation Amount: NOK 1,000,000 ",DefineDenomination
"_MM Specified Denomination(s) NOK 2,000,000 and integral multiples of NOK 1,000,000 in excess thereof ",DefineDenomination
"_MM  (i) Specified Denominations: USD 200,000 and integral multiples of USD 1,000 in excess thereof up to and including USD 399,000. No Instruments in definitive form will be issued with a Specified Denomination above USD 399,000 ",DefineDenomination
"_MM (ii) Calculation Amount: USD 1,000 ",DefineDenomination
"_MM Festgelegte Stückelung NOK 2.000.000 Specified Denomination NOK 2,000,000 ",DefineDenomination
"_MM Specified Denomination(s) NOK 2,000,000 and integral multiples of NOK 1,000,000 in excess thereof ",DefineDenomination
"_MM  (i) Specified Denomination: SEI( 2,000,000 and integral multiples of SEK  1,OOO,OOO in excess thereof up to and including  SEK 3 000 000. No Instruments in definitive ",DefineDenomination
"_MM (ii) Calculation Amount: SEK l,OOO,OOO ",DefineDenomination
"_MM  (a) Specified Denomination(s): U.S.$200,000 and integral multiples of U.S.$1,000 in excess thereof ",DefineDenomination
"_MM (b) Calculation Amount: U.S.$1,000 ",DefineDenomination
"_MM  (i) Specified Denominations: GBP 100,000 and integral multiples of GBP 1000 in excess thereof up to and including GBP 199,000. No Instruments in definitive form will be issued with a Specified Denomination above GBP 199,000. ",DefineDenomination
"_MM (ii) Calculation Amount: GBP 1,000 ",DefineDenomination
"_MM (i) Specified Denomination(s): SEK 2,000,000 and integral multiples of SEK 1,000,000 in excess thereof up to and including SEK 3,000,000. No Notes in definitive form will be issued with a denomination above SEK 3,000,000. ",DefineDenomination
"_MM (ii) Calculation Amount: SEK 1,000,000 (i) Issue Date: 24 May 2021 (ii) Interest Commencement 18 January 2021 Date: Maturity Date: 18 January 2024 ",DefineDenomination
"_SM  (i) Specified Denominations: NOK 1,000,000 ",DefineDenomination
"_SM (ii) Calculation Amount: NOK 1,000,000 ",DefineDenomination
"_MM  (i) Specified Denominations: EUR 100,000 and integral multiples of EUR 1,000 in excess thereof, up to and including EUR 199,000. ",DefineDenomination
"_MM (ii) Calculation Amount: EUR 1,000 ",DefineDenomination
"_MM  (i) Specified Denominations: NOK 50,000 ",DefineDenomination
"_MM (ii) Calculation Amount (Par): NOK 50,000 ",DefineDenomination
"_MM  (i) Specified Denominations: £100,000 and multiples of £1,000 thereafter ",DefineDenomination
"_MM (ii) Calculation Amount: £1,000 ",DefineDenomination
"_MM SEK 2,000,000 and integral multiples of  SEK 1,000,000 in excess thereof up to and including  SEK 3,000,000. No Notes in definitive form will be ",DefineDenomination
"_MM  (i) Specified Denomination(s): EUR 100,000 and integral multiples of EUR 1,000 in excess thereof up to and including EUR 199,000. No Notes in definitive form will be issued with a denomination above EUR 199,000. ",DefineDenomination
"_MM (ii) Calculation Amount: EUR 1,000 ",DefineDenomination
"_MM  (i) Specified Denominations: USD 200,000 and integral multiples of USD 1,000 in excess thereof up to and including USD 399,000. No Notes in definitive form will be issued with a denomination above USD 399,000. ",DefineDenomination
"_MM (ii) Calculation Amount USD 1,000 ",DefineDenomination
"_ME  (i) Specified Denomination:  SEK 2,000,000 and integral multiples of SEK  l,OOO,OOO in excess thereof up to and including  SEK 3,000,000. No Instruments in definitive  form will be issued with a Specified  Denomination above SEK 3,000,000. ",DefineDenomination
"_ME (ii) Calculation Arnount: SEK l,OOO,OOO ",DefineDenomination
"_MM  Specified Denominations: SEK 2,000,000 and integral multiples of SEK 1,000,000 in excess thereof ",DefineDenomination
"_MM  Calculation Amount (in relation to SEK 1,000,000 calculation of interest in global form see Conditions): ",DefineDenomination
"_ME 6 (i) Specified Denominations: NOK 2,000,000 ",DefineDenomination
"_ME (ii) Calculation Amount: NOK 2,000,000 ",DefineDenomination
"_SS Issue of Minimum NOK 10,000,000 and maximum NOK 900,000,000 Fixed Rate Notes due February 2022 under the Euro Medium Term Note Programme ",DefineInstrumentMaxAmount
"_SS (a) Series: Minimum NOK 10,000,000 and maximum NOK 900,000,000 ",DefineInstrumentMaxAmount
"_SS (a) Series: Minimum NOK 10,000,000 and maximum NOK 900,000,000 ",DefineInstrumentMaxAmount
"_MM  ISIN code NO0011041535 Currency for the bond issue NOK Borrowing Limit and Borrowing Amount Borrowing Limit NOK 3,000,000,000. • Borrowing Amount 1st trance NOK 1,000,000,000",DefineInstrumentMaxAmount
"_ME Borrowing Limit – Tap Issue: NOK 3,000,000,000 ",DefineInstrumentMaxAmount
"_SM Borrowing Limit: NOK 1,500,000,000 ",DefineInstrumentMaxAmount
"_SS  The Issuer may at one or more occasions after the Issue Date issue Subsequent Bonds under the Terms and Conditions, until the total amount under such Subsequent Bond Issue(s) and the Bond Issue equals USD 100,000,000. References to “Bayport” or the “Group” refer in this Prospectus to the Company and its subsidiaries from time to time, unless otherwise indicated by the context",DefineInstrumentMaxAmount
"_SM (a) Series: NOK 5,500,000,000 ",DefineInstrumentMaxAmount
"_MM - Series: SEK 600,000,000 ",DefineInstrumentMaxAmount
"_MM - Tranche: SEK 1,000,000,000 ",DefineInstrumentMaxAmount
"_MEE  The maximum total nominal amount of the Bonds (the Initial Bonds and all Subsequent Bonds) may not exceed SEK 1,000,000,000 unless a consent from the Bondholders is obtained in accordance with Clause 15(e)(i). Each Subsequent Bond shall entitle its holder to Interest in accordance with Clause 8(a), and otherwise have the same rights as the Initial Bonds",DefineInstrumentMaxAmount
"_SS Up to SEK 1,000,000,000  Senior Unsecured Floating Rate Green Bonds ",DefineInstrumentMaxAmount
"_SS MAXIMUM SEK 750,000,000 ",DefineInstrumentMaxAmount
"_SS  35 DocuSign Envelope ID: 3E63C2A5-355F-4747-8E34-92B7BE6BE6E8 1 TERMS AND CONDITIONS FOR VNV GLOBAL AB (PUBL) MAXIMUM SEK 750,000,000 SENIOR SECURED CALLABLE FIXED RATE BONDS 2021/2024 ISIN: SE0016275077 ",DefineInstrumentMaxAmount
"_ME 1 The aggregate amount of the bond loan will be an amount of up to SEK 750,000,000 which will be represented by Bonds, each of a nominal amount of SEK 1,250,000 or full multiples thereof (the “Nominal Amount”)",DefineInstrumentMaxAmount
"_ME 4 The Issuer may at one or more occasions after the First Issue Date issue Subsequent Bonds under these Terms and Conditions (each such issue, a “Subsequent Bond Issue”), until the total amount under such Subsequent Bond Issue(s) and the Initial Bond Issue equals SEK 750,000,000 always provided that the Incurrence Test (calculated pro forma including such issue) is met. ",DefineInstrumentMaxAmount
"_MM Series: U.S.$1,250,000,000 ",DefineInstrumentMaxAmount
"_SM (i) Series: USD 1,000,000,000 ",DefineInstrumentMaxAmount
"_SM (i) Series: USD 1,000,000,000 ",DefineInstrumentMaxAmount
"_SS (i) Series: NOK900,000,000 ",DefineInstrumentMaxAmount
"_ME (i) Series: NOK 250,000,000 ",DefineInstrumentMaxAmount
"_MM  Aggregate Nominal Amount: - 4 - (i) Series: SEK 120,000,000 ",DefineInstrumentMaxAmount
"_MM (i) Series: $600,000,000 ",DefineInstrumentMaxAmount
"_MM (i) Series: NOK 300,000,000 ",DefineInstrumentMaxAmount
"_MM (i) Series: USD 600,000,000 ",DefineInstrumentMaxAmount
"_MM Aggregate Principal Amount of Series: NOK 1,230,000,000 ",DefineInstrumentMaxAmount
"_MM  Aggregate Nominal Amount: (i) Series SEK 1,OOO,OOO,OOO ",DefineInstrumentMaxAmount
"_MM Series: U.S.$1,250,000,000 ",DefineInstrumentMaxAmount
"_MM (i) Series: GBP 450,000,000 ",DefineInstrumentMaxAmount
"_SM (i) Series: NOK500,000,000 ",DefineInstrumentMaxAmount
"_MM (i) Series: EUR 500,000,000 ",DefineInstrumentMaxAmount
"_MM (i) Series: NOK 16,600,000 ",DefineInstrumentMaxAmount
"_MM (i) Series: £700,000,000 ",DefineInstrumentMaxAmount
"_MM (i) Series: USD 75,000,000 ",DefineInstrumentMaxAmount
"_ME  Aggregate Nominal Amount: (i) Series SEK 3,400,000,000 ",DefineInstrumentMaxAmount
"_MM Issue of a Series of  SEK 1,OOO,OOO,OOO ",DefineInstrumentMaxAmount
"_MM (a) Series: SEK 500,000,000 ",DefineInstrumentMaxAmount
"_ME (i) Series: NOK 250,000,000 ",DefineInstrumentMaxAmount
"_ME (ii) Tranche: NOK 250,000,000 ",DefineInstrumentMaxAmount
"_SS (b) Tranche: Minimum NOK 10,000,000 and maximum NOK 900,000,000 ",DefineInstrumentFirstAmount
"_MM  • Borrowing Amount 1st trance NOK 1,000,000,000. ",DefineInstrumentFirstAmount
"_ME Borrowing Amount 1st tranche: NOK 1,000,000,000 ",DefineInstrumentFirstAmount
"_SM First Tranche: NOK 750,000,000 ",DefineInstrumentFirstAmount
"_SS PROSPECTUS REGARDING THE LISTING OF USD 80,000,000 SUBORDINATED FIXED RATE SOCIAL BONDS 2019/2022 ISIN: NO0010871601 ",DefineInstrumentFirstAmount
"_MM This prospectus (the “Prospectus”) has been prepared by Bayport Management Ltd (the “Company” or the “Issuer” and together with its subsidiaries from time to time, the “Group”), registration number 54787/C1 GBL, LEI 549300MHJ6KEDPWPMN38, in relation to the application for admission to trading of the Company’s USD 80,000,000 subordinated fixed rate social bonds 2019/2022 with ISIN NO0010871601 (the “Bonds”) issued on 19 December 2019 (the “Issue Date”) (the “Bond Issue”) in accordance with the terms and conditions for the Bonds (the “Terms and Conditions”) on Nasdaq Stockholm Sustainable Bond List (“Nasdaq Stockholm”). ",DefineInstrumentFirstAmount
"_SM Issue of NOK 5,500,000,000 Floating Rate Covered Notes due June 2026 (extendable to June 2027) ",DefineInstrumentFirstAmount
"_SM (b) Tranche: NOK 5,500,000,000 ",DefineInstrumentFirstAmount
"_MM Issue of SEK 600,000,000 Floating Rate S.0, Bonds due 30 September 2026 under the €10,000,000,000 Euro Medium Term Note and S.O. Bond Programme ",DefineInstrumentFirstAmount
"_MM - Tranche: SEK 600,000,000 ",DefineInstrumentFirstAmount
"_MM - Series: SEK 1,000,000,000 ",DefineInstrumentFirstAmount
"_ME  The total nominal amount of the Initial Bonds is SEK 500,000,000 (the “Initial Bond Issue”)",DefineInstrumentFirstAmount
"_MEE  The total nominal amount of the Initial Bonds is SEK 550,000,000. All Initial Bonds are issued on a fully paid basis at an issue price of one hundred (100) per cent",DefineInstrumentFirstAmount
"_MM Tranche: U.S.$1,250,000,000 ",DefineInstrumentFirstAmount
"_SM Aggregate Principal Amount: NOK 300,000,000 ",DefineInstrumentFirstAmount
"_SM (ii) Tranche: USD 1,000,000,000 ",DefineInstrumentFirstAmount
"_MM Total initial principal amount: $750,000,000 ",DefineInstrumentFirstAmount
"_MM Total initial principal amount: $900,000,000 ",DefineInstrumentFirstAmount
"_SM (ii) Tranche: USD 1,000,000,000 ",DefineInstrumentFirstAmount
"_SS (ii) Tranche: NOK900,000,000 ",DefineInstrumentFirstAmount
"_SM Aggregate Nominal Amount: (1) Series: EUR 75,000,000 ",DefineInstrumentFirstAmount
"_SM (ii) Tranche: EUR 75,000,000 ",DefineInstrumentFirstAmount
"_SM 0) —Senes: (1) —Tranche: EUR 25,000,000 EUR 25,000,000 ",DefineInstrumentFirstAmount
"_ME (ii) Tranche: NOK 250,000,000 ",DefineInstrumentFirstAmount
"_MM (ii) Tranche: SEK 120,000,000 ",DefineInstrumentFirstAmount
"_MM (ii) Tranche: $600,000,000 ",DefineInstrumentFirstAmount
"_MM (ii) Tranche: NOK 300,000,000 ",DefineInstrumentFirstAmount
"_MM Aggregate Principal Amount: NOK 500,000,000 ",DefineInstrumentFirstAmount
"_MM Aggregate Principal Amount of Series: NOK 500,000,000 § 1 (2) Form ",DefineInstrumentFirstAmount
"_MM Gesamtnennbetrag NOK 1.000.000.000 Aggregate Principal Amount NOK 1,000,000,000 ",DefineInstrumentFirstAmount
_MM Gesamtnennbetrag (in Worten) NOK eine Milliarde Aggregate Principal Amount (in words) NOK one billion ,DefineInstrumentFirstAmount
"_MM Aggregate Principal Amount: NOK 1,230,000,000 ",DefineInstrumentFirstAmount
"_MM (ii) Tranche SEK 500,000,000 ",DefineInstrumentFirstAmount
"_MM (ii) Tranche: EUR 500,000,000 ",DefineInstrumentFirstAmount
"_MM Tranche: U.S.$1,250,000,000 ",DefineInstrumentFirstAmount
"_MM (ii) Tranche: GBP 450,000,000 ",DefineInstrumentFirstAmount
"_SM (ii) Tranche: NOK500,000,000 ",DefineInstrumentFirstAmount
"_MM (ii) Tranche: EUR 500,000,000 ",DefineInstrumentFirstAmount
"_SS Issue of NOK 16,600,000 Equity Linked Notes due 2023 ",DefineInstrumentFirstAmount
"_MM (ii) Tranche: NOK 16,600,000 ",DefineInstrumentFirstAmount
"_MM GBP 200,000,000 0.375 per cent. Fixed Rate Notes due 15 November 2024 (the Notes) pursuant to its EUR 30,000,000,000 Euro Medium Term Note Programme, to be consolidated with the existing GBP 500,000,000 0.375 per cent. Fixed Rate Notes due 15 November 2024 (the Existing Notes) ",DefineInstrumentFirstAmount
"_MM (ii) Tranche: £200,000,000 ",DefineInstrumentFirstAmount
"_MM  Aggregate Nominal Amount: EUR 500,000,000 ",DefineInstrumentFirstAmount
"_MM (ii) Tranche: USD 75,000,000 ",DefineInstrumentFirstAmount
"_ME (ii) Tranche SEK l,OOO,OOO,OOO ",DefineInstrumentFirstAmount
"_MM (b) Tranche: SEK 500,000,000 ",DefineInstrumentFirstAmount
_MM The representative of the bondholders is Nordic Trustee AS,DefineAgent
"_MEE The Bond Trustee is Nordic Trustee AS, Postboks 1470 Vika, NO-0116 Oslo, Norway. ",DefineAgent
"_ME Trustee: Norsk Tillitsmann ASA, Postboks 1470 Vika, NO-0116 Oslo, Norway ",DefineAgent
"_SM BOND TRUSTEE: Nordic Trustee AS, a company existing under the laws of Norway with registration number 963 342 624 and LEI- code 549300XAKTM2BMKIPT85. ",DefineAgent
"_MM ""Agent"" means Nordic Trustee & Agency AB (publ), reg. no. 556882-1879, P.O. Box 7329, SE-103 90 Stockholm, Sweden or another party replacing it, as Agent, in accordance with these Terms and Conditions. ",DefineAgent
"_ME “Trustee” means the Holders’ agent under these Terms and Conditions and, if relevant, the other Finance Documents, from time to time; initially Nordic Trustee & Agency AB (publ) (reg.no. 556882-1879, P.O. Box 7329 SE-103 90 Stockholm, Sweden). ",DefineAgent
"_MM ""Agent"" means Intertrust (Sweden) AB, reg. no. 556625-5476, P.O. Box 16285, SE-103 25 Stockholm, Sweden or another party replacing it, as Agent, in accordance with these Terms and Conditions. ",DefineAgent
"_MEE (h) Agent: Citibank, N.A. for the Notes to be represented by the Regulation S Global Note  Citibank, N.A. for the Notes to be represented by the Rule 144A Global Note ",DefineAgent
"_MEE “Trustee” refers to Citibank, N.A., London Branch, as trustee on behalf of the holders of Notes",DefineAgent
_MM Such recognition will depend upon the ECB being satisfied that Eurosystem eligibility criteria have been met.,Irrelevant
"_SS Terms used herein shall be deemed to be defined as such for the purposes of the Conditions set forth in the Base Prospectus dated 13 June 2016 and any supplements thereto (copies of which are available as described below) which together constitute a base prospectus for the purposes of the Prospectus Directive (the ""Base Prospectus"").",Irrelevant
_MM (h) Names and addresses of additional Not Applicable Paying Agent(s),Irrelevant
"_MM Nykredit  ■ Operational risk ■ Business risk ■ Transfer of funds between capital centres ■ Competition within mortgage lending ■ Ratings do not necessarily reflect all risks ■ Risk pertaining to enforcement ■ Other risks ■ Danmarks Nationalbank's fixed exchange rate policy ■ Resolution tools and powers under the BRRD  Nykredit is subject to the balance principle, and hence Nykredit may only to a limited extent assume risk other than credit risk.",Irrelevant
_SS ISIN: DK0009798803  4.,Irrelevant
_SM No  2 Nykredit  19.,Irrelevant
_MM Authorisations and approvals pursuant to which the Bonds have been issued: Approved by the Finance Committee 25 Febrary 2014  3 Nykredit  32.,Irrelevant
_MM Credit rating of the Bonds: AAA S&P  4 Nykredit  ,Irrelevant
_SM Payment Periods: 1/1 - 31/12  13.,Irrelevant
_ME  C.2 Denomination currency of the Bonds EURO (EUR)  C.5 Description of any restriction of the negotiability of the securities Not relevant; The Bonds are negotiable instruments issued in bulk.,Irrelevant
_MEE Listing:,Irrelevant
"_ME In this section, a number of risk factors are illustrated, both risks pertaining to the Company and the Group and risk linked to the Bonds in their capacity of financial instruments.",Irrelevant
"_ME Occasionally, a competitor in a single market may try and undercut pricing in that market for a period of time in order to gain market share.",Irrelevant
_ME  “Subsidiary” means a company over which another company has Decisive Influence.,Irrelevant
_EE  5.3 Country of issuance  ,Irrelevant
"_SS Professional investors and ECPs only target market – Solely for the purposes of each manufacturer's product approval process, the target market assessment in respect of the Notes has led to the conclusion that: (i) the target market for the Notes is eligible counterparties and professional clients only, each as defined in Directive 2014/65/EU (as amended, MiFID II); and (ii) all channels for distribution of the Notes to eligible counterparties and professional clients are appropriate.",Irrelevant
"_SS Any person subsequently offering, selling or recommending the Notes (a distributor) should take into consideration the manufacturers' target market assessment; however, a distributor subject to MiFID II or the Norwegian Securities Trading Act is responsible for undertaking its own target market assessment in respect of the Notes (by either adopting or refining the manufacturers' target market assessment) and determining appropriate distribution channels.",Irrelevant
_MM  (b) Business Day Convention:,Irrelevant
"_ME Save for any fees payable to the Managers, so far as the Issuer is aware, no person involved in the issue of the Notes has an interest material to the offer.",Irrelevant
_EE Note that this does not necessarily mean that the Notes will then be recognised as eligible collateral for Eurosystem monetary policy and intra day credit operations by the Eurosystem at any time during their life.,Irrelevant
"_ME Save for any fees payable to the Dealer, so far as the Issuer is aware, no person involved in the issue of the S.0.",Irrelevant
"_ME  (b) When ascertaining whether a limit or threshold specified in Swedish Kronor has been attained or broken, an amount in another currency shall be counted on the basis of the rate of exchange for such currency against Swedish Kronor for the previous Business Day, as published by the Swedish Central Bank (Sw.",Irrelevant
_SS USE OF PROCEEDS ...............................................................................................................,Irrelevant
_SS THE BONDS AND TRANSFERABILITY ...............................................................................,Irrelevant
"_ME The Bonds have not been registered under the U.S. Securities Act of 1933, as amended (the “Securities Act”) and the Issuer is under no obligation to arrange for registration of the Bonds under the Securities Act or under any other law or regulation.",Irrelevant
"_MM  ""Initial Bonds"" means the Bonds issued on the First Issue Date.",Irrelevant
"_EE Use of Proceeds  (a) The proceeds from the Initial Bond Issue shall be used to:  (i) refinance the Refinancing Debt;  (ii) finance general corporate purposes, including investments and acquisitions; and  (iii) finance Transaction Costs.",Irrelevant
_MM Issuer Call: Not Applicable  20.,Irrelevant
_MEE OPERATIONAL INFORMATION  (a) ISIN Code: Rule 144A:,Irrelevant
_ME  Maturities: The notes will mature at least nine months from their date of issue.,Irrelevant
"_ME However, there may be no obligation of the stabilizing manager or any agent of the stabilizing manager to do this.",Irrelevant
"_EE 4.10% NOK 19,214,586,170 13.59%  Total 118,558 100% NOK 141,409,753,489 100%  Mortgage Payment Frequency Number % of Total Number Amount % of Total Amount  Annually 102 0.09% NOK 132,955,148 0.09%  Bi-monthly 3 0.00% NOK 4,473,270 0.00%  ",Irrelevant
"_ME May 15, 2013 (T+5)  ",Irrelevant
"_MM dum describing clearing arrangements, including the section entitled “Book-Entry; Delivery and Form,” is subject to any change in or reinterpretation of the rules, regulations and procedures of DTC, as currently in effect.",Irrelevant
_MM This Offering Memorandum does not constitute an offer to sell or an invitation to sub- scribe for or purchase any of the Additional Notes in any jurisdiction in which such offer or invitation is not author- ized or to any person to whom it is unlawful to make such an offer or invitation.,Irrelevant
_MM Duly authorised 6 PART B – OTHER INFORMATION  1.,Irrelevant
"_ME = 75% LTV 16 0.01% NOK 26,640,379 0.02% 2 – 3 month arrears <",Irrelevant
"_ME = 75% LTV 0 0.00% NOK 0 0.00% 0 – 1 month arrears > 75% LTV*) 2 0.00% NOK 2,520,691 0.00% 1 – 2 month arrears > 75% LTV 1 0.00% NOK 3,408,802 0.00% 2–3 month arrears > 75% LTV 0 0.00% NOK 0 0.00% > 3 month arrears > 75% LTV 0 0.00% NOK 0 0.00% Total 223 0.19% NOK 356,135,896 0.25% *0 < month arrears <",Irrelevant
"_MEE = x <= 36 1,695 1.43% NOK 338,931,911 0.24% 36 < x <= 72 3,650 3.08% NOK 1,259,952,738 0.89% 72 < x <= 108 4,968 4.19% NOK 2,532,971,031 1.79% 108 < x <= 144 5,395 4.55%",Irrelevant
"_MM Norwegian Government Bond due 2024 (ISIN: NO0010705536),  or if such bond is no longer in issue,  such other Norwegian government  bond with a maturity date as near  as possible to the Maturity Date as  the Calculation Agent may  reasonably determine to be  appropriate by way of substitution  for the 3.00 per cent.",Irrelevant
"_ME For the purposes of the Notes only, a new Condition 6(g) shall apply as follows:",Irrelevant
_MM hinterlegten Schuldverschreibungen der Inhaber eines proportionalen Miteigentumsanteils oder eines anderen Rechts an den,Irrelevant
_ME Talons for future Coupons or No Receipts to be attached to Definitive Notes (and dates on which such Talons mature):  33.,Irrelevant
_MM Zero Coupon Note Provisions: Not Applicable  19.,Irrelevant
"_ME If non-syndicated, name of Dealer: Nordea Bank Danmark A/S  40.",Irrelevant
"_EE These Final Terms comprise the details required to list the issue of Notes described herein pursu- ant to the listing of the EUR 25,000,000,000 Euro Medium Term Note Programme of Kom- muneKredit.",Irrelevant
"_EE A/C of: Single Platform Investment Repackaging Entity SA, acting in respect of its Compartment  2020-170  A/C",Irrelevant
"_SS The offering circular dated 25 April 2018 and the Supplement(s) to the offering circular listed in the Annex hereto (as so supplemented, the ""Offering Circular"") (as completed and (if applicable) amended by this Pricing Supplement) has been prepared on the basis that any offer of the Securities in any Member State of the EEA which has implemented the Prospectus Directive (each, a ""Relevant Member State"") will be made pursuant to an exemption under the Prospectus Directive, as implemented in that Relevant Member State, from the requirement to publish a prospectus for offers of the Securities.",Irrelevant
_ME Low Exercise Price Warrant Provisions: Not Applicable  GENERAL PROVISIONS APPLICABLE TO THE SECURITIES  50.,Irrelevant
_ME Record Date: As set out in the General Conditions  53.,Irrelevant
"_SS Dated 10 April 2017  SR-Boligkreditt AS  Issue of $600,000,000 2.500% Covered Notes due 12 April 2022  under the €5,000,000,000  Euro Medium Term Covered Note Programme  PART A – CONTRACTUAL TERMS  ",Irrelevant
_ME INTERESTS OF NATURAL AND LEGAL PERSONS INVOLVED IN THE ISSUE  ,Irrelevant
_SS FINAL TERMS  COÖPERATIEVE RABOBANK U.A.  (a cooperative (coöperatie),Irrelevant
"_MM Maturity Date  (iii) Fixed Coupon Amount(s): NOK 24,900 per Calculation Amount  (iv) Broken Amount(s):",Irrelevant
_ME Listing:,Irrelevant
_MEE  5 Operational information  (i) Intended to be held in a manner which would allow No.,Irrelevant
_MM Count Fraction   Actual/Actual (ICMA)  ,Irrelevant
_ME If the note is issued in New Global Note (NGN) form and it is intended to be held in a manner which would allow ECB eligibility (in new global note form (NGN)),Irrelevant
_ME New Global Instruments/Classic Global Instruments:  25.,Irrelevant
_SM Kopien des Prospekts und etwaiger Nachträge zum Prospekt sowie dieser Endgültigen Bedingungen sind kostenlos während der üblichen Geschäftszeiten bei der,Irrelevant
"_SM The Prospectus and any supplement thereto, if any, are available for viewing in electronic form on the website of the Luxembourg Stock Exchange (www.bourse.lu).",Irrelevant
"_ME The Dealer and its affiliates have engaged, and may in the future engage, in  investment banking and/or commercial banking transactions with, and may perform other  services for, SEK in the ordinary course of business.",Irrelevant
"_ME  RE,ÅSONS FOR THE OFFER, ESTIMÅTED NET PROCEEDS AND TOT .ÅL",Irrelevant
"_MM Aggregate Nominal Amount:  (i) Series: EUR 500,000,000  (ii) Tranche: EUR 500,000,000  5.",Irrelevant
_MM Put/Call Options: Not Applicable  13.,Irrelevant
_MM Luxembourg regulated market  15.,Irrelevant
_ME Talons for future Coupons or Receipts to be No attached to Definitive Notes (and dates on which such Talons mature):  33.,Irrelevant
"_ME If syndicated, names of Managers: Commerzbank Aktiengesellschaft, Morgan Stanley & Co. International plc and Société Générale  (ii) Stabilising Manager (if any): Not Applicable  39.",Irrelevant
"_MEE If non-syndicated, name of Dealer: Not Applicable  40.",Irrelevant
"_SM For the purposes of this provision, the expression manufacturer means any Manager that is a manufacturer under MiFID II and the expression MiFID II means Directive 2014/65/EU, as amended.",Irrelevant
"_MM  (e) Day Count Fraction: 30/360, unadjusted  (f) Determination Date(s): Not Applicable  (g)",Irrelevant
_ME Spot Rate:  ,Irrelevant
"_MEE  Note that the designation ""yes"" means that the Instruments are intended upon issue to be deposited with one of the ICSDs as common safekeeper and does not necessarily mean that the Instruments will be recognised as eligible collateral for Eurosystem monetary policy and intra-day credit operations by the Eurosystem either upon issue or at any or all times during their life.",Irrelevant
_MM per annum  ,Irrelevant
_EE CGMFL25702  ,Irrelevant
_MM This document constitutes the Final Terms of the Notes described herein  266477-1287152178-31513-v3.0 - 1 - 70-41014034  for the purposes of the Prospectus Regulation and must be read in conjunction with such Base Prospectus as so supplemented in order to obtain all the relevant information.,Irrelevant
_ME Floating Rate Note Provisions: Not Applicable  18.,Irrelevant
_ME Nils Rydberg Head of Treasury Ceili Legal’ ce sel 1 PART B — OTHER INFORMATION  LISTING AND ADMISSION TO TRADING  (i) Listing and admission to trading: Application has been made by the Issuer (or  on its behalf) for the Notes to be admitted to  the Official List of Euronext Dublin and to  trading on the regulated market of Euronext  Dublin with effect from on or about the Issue  Date.,Irrelevant
_ME  INTERESTS OF NATURAL AND LEGAL PERSONS INVOLVED IN THE ISSUE  ,Irrelevant
_ME Early Redemption Amount (Tax): As set out in the Conditions  GENERAL PROVISIONS APPLICABLE TO THE NOTES  22.,Irrelevant
"_ME  BBB+ by S&P Global Ratings Europe Limited (“S&P”),  ",Irrelevant
"_ME However, adverse economic conditions or changing circumstances are more likely to weaken the obligor’s capacity to meet its financial commitments on the obligation.",Irrelevant
_EE Distribution  (i) Method of distribution: Syndicated  (ii),Irrelevant
_MM  UK MIFIR product governance /,Irrelevant
_ME (i) Form of Notes: Temporary Global Note exchangeable for a Permanent Global Note which is exchangeable for Definitive Notes only upon an Exchange Event  (ii) New Global Note: No  23.,Irrelevant
_ME  (iii) Estimate of total expenses related to EUR 600  admission to trading:  RATINGS  ,Irrelevant
"_MEE  (ii) Estimated net proceeds: SEK 995,128,055.56  YIELD  Indication of yield: 0.372 per cent per aruium  OPERATIONAL INFORMATION  ISIN: Temporary ISIN XS2359286981 to be consolidated and form a single Series with  XS2231047205  Coriunon Code: Temporary Cornrnon Code 235928698 to be consolidated and form a single Series with  223104720  CUSIP:",Irrelevant
"_EE Whilst the designation is specified as ""no""  at the date of this Final Terms, should the  Eurosystem eligibility criteria be amended in  the future such that the Instruments are capable  of meeting them, the Instruments may then be  deposited with one of the ICSDs as cornmon  safekeeper.",Irrelevant
_SM The information on any websites referred to herein does not form part of this Series Memorandum unless that information is incorporated by reference into this Series Memorandum.,Irrelevant
